ID,Key,POSX,POSY,POSZ,ROTX,ROTY,ROTZ,SCALEX,SCALEY,SCALEZ
0,0,31.305,15.3698,9.8565,0.841245,3.8659,0,1,1,1
1,5,30.6531,14.378,-1.50204,0.841245,3.8659,0,1,1,1
2,10,-25.0885,10.4083,27.0841,0.984361,3.56572,0,1,1,1
3,15,-31.8386,9.85104,29.8414,0.589915,3.23411,0,1,1,1
4,20,-14.1987,8.13559,-83.1501,0.617839,1.36835,0,1,1,1
5,25,-2.67495,8.14117,-85.6472,0.600385,0.905843,0,1,1,1
6,30,3.3004,13.6792,0.764868,0.666708,3.1451,0,1,1,1
7,35,3.19957,17.2877,-28.0087,0.666708,3.1451,0,1,1,1
